{
  "Transparency" : 0.10000000000000001,
  "Tags" : [

  ],
  "Ansi 12 Color" : {
    "Red Component" : 0.52549019607842995,
    "Color Space" : "sRGB",
    "Blue Component" : 0.86274509803921995,
    "Green Component" : 0.67058823529412004
  },
  "Ansi 7 Color" : {
    "Red Component" : 0.87450980392156996,
    "Color Space" : "sRGB",
    "Blue Component" : 0.87843137254902004,
    "Green Component" : 0.87450980392156996
  },
  "Draw Powerline Glyphs" : true,
  "Bold Color" : {
    "Red Component" : 0.80392156862745001,
    "Color Space" : "sRGB",
    "Blue Component" : 0.81176470588234995,
    "Green Component" : 0.80784313725489998
  },
  "Ansi 8 Color" : {
    "Red Component" : 0.34117647058824002,
    "Color Space" : "sRGB",
    "Blue Component" : 0.37647058823529,
    "Green Component" : 0.34509803921568999
  },
  "Ansi 9 Color" : {
    "Red Component" : 0.81960784313724999,
    "Color Space" : "sRGB",
    "Blue Component" : 0.51372549019608005,
    "Green Component" : 0.41176470588234998
  },
  "Ansi 1 Color" : {
    "Red Component" : 0.78823529411765003,
    "Color Space" : "sRGB",
    "Blue Component" : 0.42745098039216001,
    "Green Component" : 0.30980392156863001
  },
  "Rows" : 25,
  "Default Bookmark" : "No",
  "Horizontal Spacing" : 1,
  "Cursor Guide Color" : {
    "Red Component" : 0.74862593412399292,
    "Color Space" : "P3",
    "Blue Component" : 0.99125725030899048,
    "Alpha Component" : 0.25,
    "Green Component" : 0.92047786712646484
  },
  "Non-ASCII Anti Aliased" : true,
  "Use Bright Bold" : true,
  "Ansi 10 Color" : {
    "Red Component" : 0.55686274509804001,
    "Color Space" : "sRGB",
    "Blue Component" : 0.64313725490196005,
    "Green Component" : 0.72941176470587998
  },
  "Ambiguous Double Width" : false,
  "Jobs to Ignore" : [
    "rlogin",
    "ssh",
    "slogin",
    "telnet"
  ],
  "Ansi 15 Color" : {
    "Red Component" : 0.89411764705882002,
    "Color Space" : "sRGB",
    "Blue Component" : 0.89803921568626999,
    "Green Component" : 0.89411764705882002
  },
  "Foreground Color" : {
    "Red Component" : 0.80392156862745001,
    "Color Space" : "sRGB",
    "Blue Component" : 0.81176470588234995,
    "Green Component" : 0.80784313725489998
  },
  "Bound Hosts" : [

  ],
  "Working Directory" : "~",
  "Blinking Cursor" : true,
  "Animate Movement" : false,
  "Sync Title" : false,
  "Prompt Before Closing 2" : false,
  "BM Growl" : true,
  "Mouse Reporting" : true,
  "Command" : "",
  "Description" : "Default",
  "Smart Cursor Color" : true,
  "Screen" : -1,
  "Selection Color" : {
    "Red Component" : 0.16862745098039,
    "Color Space" : "sRGB",
    "Blue Component" : 0.31764705882353,
    "Green Component" : 0.23137254901960999
  },
  "Use Tab Color" : false,
  "Disable Window Resizing" : true,
  "Only The Default BG Color Uses Transparency" : true,
  "Columns" : 80,
  "Idle Code" : 0,
  "Ansi 13 Color" : {
    "Red Component" : 0.72941176470587998,
    "Color Space" : "sRGB",
    "Blue Component" : 0.88627450980391997,
    "Green Component" : 0.63137254901961004
  },
  "Custom Command" : "No",
  "ASCII Anti Aliased" : true,
  "Non Ascii Font" : "Monaco 12",
  "Vertical Spacing" : 1,
  "Use Bold Font" : true,
  "Option Key Sends" : 2,
  "Selected Text Color" : {
    "Red Component" : 0.80392156862745001,
    "Color Space" : "sRGB",
    "Blue Component" : 0.81176470588234995,
    "Green Component" : 0.80784313725489998
  },
  "Background Color" : {
    "Red Component" : 0.098039215686274994,
    "Color Space" : "sRGB",
    "Blue Component" : 0.18823529411765,
    "Green Component" : 0.13725490196078
  },
  "Character Encoding" : 4,
  "Ansi 11 Color" : {
    "Red Component" : 0.87843137254902004,
    "Color Space" : "sRGB",
    "Blue Component" : 0.53725490196077996,
    "Green Component" : 0.78823529411765003
  },
  "Use Italic Font" : true,
  "Unlimited Scrollback" : false,
  "Keyboard Map" : {
    "0xf728-0x0" : {
      "Action" : 11,
      "Text" : "0x4"
    },
    "0xf702-0x280000" : {
      "Action" : 10,
      "Text" : "b"
    },
    "0xf702-0x300000" : {
      "Action" : 11,
      "Text" : "0x1"
    },
    "0xf703-0x280000" : {
      "Action" : 10,
      "Text" : "f"
    },
    "0xf728-0x80000" : {
      "Action" : 10,
      "Text" : "d"
    },
    "0x7f-0x100000" : {
      "Action" : 11,
      "Text" : "0x15"
    },
    "0xf703-0x300000" : {
      "Action" : 11,
      "Text" : "0x5"
    },
    "0x7f-0x80000" : {
      "Action" : 11,
      "Text" : "0x1b 0x7f"
    }
  },
  "Cursor Boost" : 0,
  "Blur Radius" : 5.6264676339285709,
  "Cursor Type" : 2,
  "Background Image Location" : "",
  "Blur" : true,
  "Badge Color" : {
    "Red Component" : 0.92929404973983765,
    "Color Space" : "P3",
    "Blue Component" : 0.13960540294647217,
    "Alpha Component" : 0.5,
    "Green Component" : 0.25479039549827576
  },
  "Window Type" : 0,
  "Scrollback Lines" : 1000,
  "Send Code When Idle" : false,
  "Close Sessions On End" : true,
  "Terminal Type" : "xterm-256color",
  "Visual Bell" : true,
  "Flashing Bell" : false,
  "Silence Bell" : false,
  "Ansi 14 Color" : {
    "Red Component" : 0.47843137254902002,
    "Color Space" : "sRGB",
    "Blue Component" : 0.83921568627451004,
    "Green Component" : 0.83529411764705996
  },
  "Cursor Text Color" : {
    "Red Component" : 0.098039215686274994,
    "Color Space" : "sRGB",
    "Blue Component" : 0.18823529411765,
    "Green Component" : 0.13725490196078
  },
  "Match Background Color" : {
    "Red Component" : 0.99697142839431763,
    "Color Space" : "P3",
    "Blue Component" : 0.32116127014160156,
    "Alpha Component" : 1,
    "Green Component" : 0.98600882291793823
  },
  "Minimum Contrast" : 0,
  "Name" : "Custom - Alex",
  "Shortcut" : "",
  "Cursor Color" : {
    "Red Component" : 0.80392156862745001,
    "Color Space" : "sRGB",
    "Blue Component" : 0.81176470588234995,
    "Green Component" : 0.80784313725489998
  },
  "Ansi 0 Color" : {
    "Red Component" : 0.22352941176471,
    "Color Space" : "sRGB",
    "Blue Component" : 0.26666666666666999,
    "Green Component" : 0.23137254901960999
  },
  "Guid" : "894FA259-F2F5-45C8-A696-1E17791541AD",
  "Ansi 2 Color" : {
    "Red Component" : 0.50588235294118,
    "Color Space" : "sRGB",
    "Blue Component" : 0.60392156862744995,
    "Green Component" : 0.69803921568627003
  },
  "Link Color" : {
    "Red Component" : 0.14513972401618958,
    "Color Space" : "P3",
    "Blue Component" : 0.7093239426612854,
    "Alpha Component" : 1,
    "Green Component" : 0.35333043336868286
  },
  "Custom Directory" : "No",
  "Right Option Key Sends" : 2,
  "Use Non-ASCII Font" : false,
  "Ansi 6 Color" : {
    "Red Component" : 0.38823529411765001,
    "Color Space" : "sRGB",
    "Blue Component" : 0.81176470588234995,
    "Green Component" : 0.80392156862745001
  },
  "Normal Font" : "RobotoMono-Medium 16",
  "Ansi 3 Color" : {
    "Red Component" : 0.85882352941175999,
    "Color Space" : "sRGB",
    "Blue Component" : 0.45490196078431,
    "Green Component" : 0.75294117647059
  },
  "Ansi 4 Color" : {
    "Red Component" : 0.44313725490195999,
    "Color Space" : "sRGB",
    "Blue Component" : 0.83921568627451004,
    "Green Component" : 0.61176470588234999
  },
  "Ansi 5 Color" : {
    "Red Component" : 0.61568627450979996,
    "Color Space" : "sRGB",
    "Blue Component" : 0.83921568627451004,
    "Green Component" : 0.47450980392156999
  }
}